{"0": "apple", "1": "banana", "2": "beetroot", "3": "bell pepper", "4": "cabbage", "5": "capsicum", "6": "carrot", "7": "cauliflower", "8": "chilli pepper", "9": "corn", "10": "cucumber", "11": "eggplant", "12": "garlic", "13": "ginger", "14": "grapes", "15": "jalepeno", "16": "kiwi", "17": "lemon", "18": "lettuce", "19": "mango", "20": "onion", "21": "orange", "22": "paprika", "23": "pear", "24": "peas", "25": "pineapple", "26": "pomegranate", "27": "potato", "28": "raddish", "29": "soy beans", "30": "spinach", "31": "sweetcorn", "32": "sweetpotato", "33": "tomato", "34": "turnip", "35": "watermelon"}